name,time
PF-S,27723095292.22548
PF-A,9004764679.819345
Bloom,27286144042.387604
