name,time
PF-S,31259325243.532658
PF-A,9877105990.424751
Bloom,26454352093.860508
