name,time
PF-S,22729944445.192814
PF-A,16224835954.606533
Bloom,31606720894.57512
