name,time
PF-S,6968252763.1521225
PF-A,10144980596.378445
Bloom,19223154529.92916
