name,time
PF-S,7345176266.506314
PF-A,11552057379.856705
Bloom,18821992943.063377
