name,time
PF-S,22520015772.43209
PF-A,11591901635.75113
Bloom,30620996879.413723
